analista_responsavel,tempo_medio_horas
Michele Whyatt,85.05071871794871
Adolpho Messingham,92.45951173267328
Heather Urry,94.76278295591787
Kristos Westoll,95.06946903024327
Bernard Beckley,96.20231316912216
Sheela Cutten,96.3583070053476
Connor Danielovitch,97.11661748700455
Nicola Wane,97.42850285604665
